,Job_id,company_id,Location,Designation,details_id
0,15312,5191,"Bangalore, Mumbai",Relationship Manager (Drive),644
1,12853,5191,"Delhi, Kolkata",Relationship Manager (Drive),427
2,19265,9747,Work From Home,Inside Sales (Drive),822
3,12860,9747,Work From Home,Social Media (Drive),354
4,17858,6393,"Bangalore, Gurgaon, Mumbai",Sr. Analyst (Drive),342
5,18504,8208,Bangalore,Relationship Manager (Drive),555
6,10446,5851,Hyderabad,Corporate Relations Manager (Drive),341
7,15977,5851,Hyderabad,Head of Sourcing (Drive),819
8,14558,5130,Bangalore,Key Account Manager (Drive),618
9,12570,5130,Bangalore,Onboarding Specialist (Drive),872
10,16998,6530,Hyderabad,Content Writer (Drive),892
11,12023,6530,Hyderabad,Content Writer (Drive),764
12,16084,6530,Chennai,Content Writer (Drive),892
13,11669,6530,Chennai,Content Writer (Drive),764
14,15626,1527,"Bathinda, Delhi, Lucknow",Business Manager (Drive),720
15,18590,1527,"Ahmedabad, Indore, Kolkata",Business Manager (Drive),637
16,18951,1527,"Ahmedabad, Indore, Kolkata",Business Manager (Drive),380
17,15308,1527,Mumbai,Business Manager (Drive),637
18,19539,1527,Mumbai,Business Manager (Drive),380
19,17661,3730,Pune,Mern Full Stack Developer,940
20,14661,9675,Mumbai,Growth Manager (Drive),808
21,10487,9675,Bangalore,Product Marketing (Drive),304
22,15510,8728,"Bangalore, Kolkata",Performance Marketing - Senior Manager (Drive),875
23,18786,5947,Work From Home,Associate Director - Level (Drive),437
24,18017,2556,Gurgaon,Business Head,505
25,18419,9462,Hyderabad,Senior UI Developer,151
26,11056,3730,Pune,Java Developer SD3,360
27,13044,6014,Bangalore,Senior System Engineer,938
28,16008,5388,Bangalore,Product Manager,917
29,16354,2745,Bangalore,.NET Architect,508
30,16082,8609,Bangalore,Business Analyst,845
31,12968,6897,Bangalore,Embedded Engineer,122
32,13475,2040,Bangalore,Head of 3D Game Designer,328
33,19596,9763,Bangalore,Backend Developer,822
34,16003,8579,Bangalore,Embedded Engineer,273
35,11625,7011,Work From Home,Site Reliability Engineer Or SRE,437
36,19906,9251,Bangalore,Fullstack Developer,974
37,18246,3730,Pune,Principle Java Engineer,459
38,15264,3730,Pune,Senior Fullstack Developer - Node.js / React.js,139
39,16783,3730,Pune,Senior Java Backend,801
40,14655,6897,Bangalore,Data Specialist,480
41,15198,1856,Bangalore,ServiceNow Architect,218
42,11691,8491,Gurgaon,Power Platform Developer,728
43,10612,5969,Gurgaon,Tourist Visa Sales,777
44,16130,6788,Noida,Manager Data Engineer,143
45,17689,4500,Pune,Technical Project Manager,412
46,15866,6333,Bangalore,OTT Frontend Developer,351
47,16991,5804,Mumbai,Cloud Solution Architect,206
48,19270,2745,Bangalore,Software Engineer,182
49,10288,7216,Bangalore,SDE 3,775
50,10432,7216,Bangalore,Staff Engineer,727
51,19633,6086,Mumbai,Fullstack Developer,870
52,18537,4759,Bangalore,ML Engineer,648
53,13793,9360,Work From Home,Senior Backend Engineer,747
54,17635,1749,Bangalore,Sr. Data Engineer,925
55,16523,9676,Mumbai,Human Resources Business Partner,288
56,19195,3628,Bangalore,Senior Software Engineer,449
57,10657,7249,Work From Home,iOS Developer,725
58,11130,6015,Mumbai,Data Scientist,874
59,17644,4436,Mumbai,Partnerships Associate,467
60,10599,4931,Mumbai,DG Expert,330
61,13043,3134,Hyderabad,IT Support Specialist,561
62,10809,6701,Bangalore,SDE 4 / SDL,704
63,13289,6499,Pune,Channel Sales Manager,561
64,14296,8090,Work From Home,Senior QA Engineer,940
65,18339,5257,Bangalore,Principal Engineer,971
66,15018,1422,Bangalore,QA Engineer,383
67,11470,8938,"Delhi, Noida, Work From Home",3D Designer,642
68,16391,8938,Noida,Sales Cordinator,956
69,16289,4303,Noida,SAP SD Consultant,793
70,10290,6730,Bangalore,Full Stack Engineer,406
71,16059,6730,Bangalore,Lead Technical Customer Support,638
72,12901,5246,Bangalore,Software Developer,333
73,14903,6210,Gurgaon,Business Operations Head,454
74,15266,8936,Noida,Sales Associate,616
75,11942,8234,Pune,Sr. .NET Developer,955
76,19747,8609,Bangalore,Business Analyst,170
77,11613,8609,Bangalore,Business Analyst,380
78,10830,9682,Pune,Sr. Accountant,802
79,18857,9861,Gurgaon,Assistant Brand Manager,224
80,16438,9648,Gurgaon,Quantitave Research Trader,385
81,10927,5014,Hyderabad,Assistant Manager - Digital Marketing,176
82,17456,2196,Bangalore,React Native Engineer,116
83,13699,6319,Bangalore,Relationship Manager,940
84,13615,2531,Gurgaon,Engineering Manager,167
85,17293,2199,Noida,Product Manager,547
86,15541,1192,Bangalore,SDE - 2 (Node.js),321
87,16769,8936,Bangalore,Principal Engineer,428
88,19336,9046,Bangalore,Salesforce QA,628
89,16410,7781,Bangalore,Senior Python and MLOps Engineer,621
90,17115,6014,Bangalore,Technical Sourcer,325
91,10443,9810,Bangalore,Technical Architect - Android Device,484
92,13815,7742,Work From Home,GRC Manager / Compliance Lead,287
93,18133,2196,Bangalore,React Native Developer,516
94,15478,8007,Bangalore,Software Developer,160
95,12336,6073,Gurgaon,Software Developer Engineer - Backend,606
96,18075,6136,Work From Home,QA Intern (Internship),302
97,13035,7011,Gurgaon,UI / UX Engineer SS24,589
98,19438,4339,Hyderabad,Java Full Stack Developer,893
99,12069,5480,Mumbai,Finance Manager,224
100,19287,1192,Bangalore,SDE2 - Backend,225
101,12327,5065,Greater Noida,Inside Sales - Counsellor,302
102,18030,7233,Bangalore,System Engineer,497
103,12619,1144,Bangalore,Azure Data Engineer / Azure Databricks,731
104,12089,8208,Bangalore,Talent Acquisition Specialist,941
105,19703,5192,Noida,Presales Manager,206
106,19445,6015,Mumbai,Tech Lead,837
107,17954,5388,Bangalore,Product Manager,661
108,15871,4069,Bangalore,Business Development Intern (Internship),448
109,16074,7664,Bangalore,Software Engineer - Integration,674
110,11778,6243,Noida,Lead Software Engineer,218
111,13255,6243,Noida,Lead Software Engineer,165
112,16082,6243,Noida,Software Engineer,218
113,17711,6243,Noida,Software Engineer,165
114,18967,5286,Ahmedabad,Lead Generation Executive,513
115,17388,3470,Gurgaon,Sales Executive,773
116,16386,3470,Gurgaon,Sales Executive,361
117,11380,3470,Noida,Sales Executive,773
118,11506,3470,Noida,Sales Executive,361
119,17653,1733,Bangalore,Senior Data Analyst,542
120,10619,4207,Pune,Sr. Market Research Analyst,385
121,12611,3900,Bangalore,Architect,753
122,13865,8931,Bangalore,Senior - Business Analyst - Regulatory Reporting,428
123,19271,1192,Bangalore,SDE 2,589
124,11914,1192,Bangalore,Staff Engineer / Principal Engineer,429
125,19937,5500,Bangalore,Network Engineer 2,128
126,11855,4639,Delhi,Creative Copywriter,773
127,11724,5286,Mumbai,Business Development Executive,139
128,15262,1831,Bangalore,Technical Content Writer,282
129,14986,6091,Work From Home,C# Developer,836
130,17544,7429,Hyderabad,Mobile QA Engineer,767
131,17206,1200,Bangalore,Java Developer,995
132,12527,9359,Hyderabad,Senior Accounts Executive,604
133,11444,5365,Mumbai,Corporate Relation Manager,277
134,14817,1192,Bangalore,SDE 2 - Node.js Developer,841
135,11480,4484,Hyderabad,Automation Lead,482
136,10749,9360,Work From Home,Sr. Backend Developer,430
137,10413,4782,Bangalore,Tech Lead,822
138,18770,4782,Bangalore,Tech Lead,447
139,19263,8497,Work From Home,Data Engineer,727
140,12211,4500,Pune,React.js Developer,780
141,13975,8831,Chennai,Engineering Manager,116
142,13197,2745,Bangalore,SQL Developer,931
143,11444,1575,Bangalore,Developer Support Engineer,671
144,10421,6271,Bangalore,Senior Software Engineer,457
145,14815,8931,Bangalore,SAP MM / WM Lead,260
146,18813,9913,Mumbai,SDET - Mobile,910
147,10033,8025,Bangalore,Content Writer,285
148,10053,9535,"Bangalore, Hyderabad",Senior Software Engineer,144
149,13743,8497,Work From Home,Scala and Spark Developer,678
150,15314,7961,Pune,Engineering Manager,566
151,18577,7631,Gurgaon,Risk Management,317
152,11967,5388,Bangalore,Backend Developer - 1,938
153,15842,5236,"Hyderabad, Kolkata, Surat",Relationship Manager,802
154,16686,1192,Bangalore,Principal Engineer,112
155,18041,1192,Bangalore,SDE - 3,151
156,11399,5896,Noida,Director,188
157,12890,3470,Noida,Sales Manager,394
158,15116,6569,Chennai,Linux BSP / Android BSP,804
159,14572,2402,Mumbai,.NET MVC Developer,222
160,15592,3942,Kolkata,Business Development Manager,227
161,11757,7216,Bangalore,Software Development Engineer 3,716
162,12370,7216,Bangalore,Software Development Engineer 3,883
163,16675,7216,Bangalore,Staff Software Engineer,716
164,15365,7216,Bangalore,Staff Software Engineer,883
165,15513,1134,Bangalore,DevOps Engineer,672
166,15492,1192,Bangalore,Principal Engineer,867
167,19493,1418,Navi Mumbai,Wordpress Developer,816
168,13382,5895,Mumbai,Product Manager - User Acquisition,211
169,13778,1733,Bangalore,Lead ML Engineer,441
170,19390,4309,Gurgaon,Frontend Developer,492
171,17737,8188,Bangalore,Associate Director Partnerships & Alliance,263
172,15242,8330,Bangalore,Middleware Engineer,427
173,13632,8947,Bangalore,.NET Fullstack,174
174,10860,2681,Bangalore,Regional Sales Manager,525
175,13279,2258,Bangalore,Inside Sales Manager,858
176,19446,5783,Noida,Customer Support Executive,608
177,17014,3044,Pune,Senior SDET,808
178,15221,9219,Bangalore,Marketing Head,381
179,11432,1831,Bangalore,Lead Software Engineer,680
180,14501,8743,Bangalore,Engineering Manager - Frontend,124
181,17484,8743,Bangalore,Research Manager,543
182,10378,8664,Work From Home,Azure Data Engineer,773
183,10651,5253,Bangalore,Sr. Tax Analyst,285
184,10715,8609,Bangalore,SDET,341
185,11625,1192,Bangalore,SDE3,165
186,19904,8522,Bangalore,ML Engineer,588
187,11984,1831,Bangalore,Lead Software Engineer,548
188,17949,3759,Bangalore,Architect,240
189,17241,3759,Chennai,Senior Mobile Developer,214
190,18787,6796,Bangalore,Data Engineer (IC) Role - Staff Engineer,813
191,14824,1796,Gurgaon,Daikin,539
192,10755,8917,"Bangalore, Gurgaon",Software Development Engineer - II / III Java,325
193,16707,7119,"Bangalore, Gurgaon, Mumbai",Data Scientist,652
194,11652,6706,Bangalore,DevOps Engineer 3 - AWS Terraform Kubernetes,209
195,10247,1898,Bangalore,Saas Sales Manager,920
196,13921,1831,Bangalore,Senior Software Engineer,945
197,14097,1831,Bangalore,Senior Software Engineer,415
198,14939,1831,Bangalore,Senior Sotware Engineer,688
199,15763,7314,Bangalore,Engineering Manager,913
200,17395,7314,Bangalore,Engineering Manager,814
201,17923,7314,Bangalore,Software Engineer II - L3,913
202,15017,7314,Bangalore,Software Engineer II - L3,814
203,16884,9727,Bangalore,Content Marketing Specialist,336
204,11551,1688,Bangalore,Customer Success Associate - Spanish Speaking,509
205,14660,1688,Bangalore,Customer Support Generalist - Spanish Speaking,379
206,14864,6393,Work From Home,Salesforce Developer,997
207,19168,1046,Gurgaon,Python Developer,869
208,18526,8588,Bangalore,Product Manager,846
209,12497,2074,Work From Home,Associate Product Manager,669
210,16492,4214,Pune,Java Technical Lead - Project Manager,719
211,15718,2404,Ahmedabad,ASP.NET MVC Developer,316
212,15391,9648,Gurgaon,Business Head,954
213,10634,6971,Bangalore,Engineering Manager,383
214,16417,8377,Bangalore,Manager - Corporate Sales,805
215,11283,3384,Bangalore,Sr. Content Writer,425
216,12995,9442,Hyderabad,Equity Advisor,828
217,19055,5901,"Bangalore, Chennai",Machine Learning Manager,501
218,15275,9006,Gurgaon,Quantitative Trader,222
219,15020,9648,Gurgaon,Quantitative Trader,312
220,17432,1831,Bangalore,Lead Software Engineer - Backend,857
221,11307,1831,Bangalore,Lead Software Engineer - Backend,983
222,15255,1831,Bangalore,SSE Backend,857
223,10762,1831,Bangalore,SSE Backend,983
224,15333,1831,Work From Home,Technical Content Writer,703
225,14656,3650,Bangalore,Software Engineer,932
226,15794,3384,Bangalore,Sr. Digital Marketing Specialist,401
227,19422,3900,Bangalore,Cloud Application Developer,689
228,15066,1714,Madurai,Business Analyst,977
229,18512,7231,Bangalore,Software Development Engineer 3 - Frontend,591
230,19581,5385,Bangalore,Systems Engineer III,399
231,16839,6820,Bangalore,Senior SSIS Consultant,219
232,13470,1847,Chennai,Senior Engineer - Golang,383
233,15217,5283,Bangalore,BDR - Founding Member,244
234,14315,4899,Bangalore,SDET,526
235,15409,8617,Pune,Wordpress Developer,382
236,15552,5388,Bangalore,SDE 1,460
237,13879,5388,Bangalore,SDE 1 Backend,416
238,19971,2924,Hyderabad,Account Executive,753
239,11092,8562,Work From Home,Subject Matter Expert - Finance,987
240,15645,8562,Work From Home,Subject Matter Expert - Physics,341
241,12885,1111,Bangalore,B2B Software Sales Executive,989
242,19226,1111,Bangalore,B2B Software Sales Executive,244
243,10010,1111,Bangalore,Senior Customer Success Manager,989
244,14756,1111,Bangalore,Senior Customer Success Manager,244
245,19564,2103,Bangalore,Business Analyst,504
246,18834,5677,Bangalore,Principal Engineer,687
247,19763,2544,Mumbai,Jr. Architect,461
248,17716,7118,Chennai,Software Engineer,482
249,15740,4303,Bangalore,Power Electronics Firmware Engineer,186
250,17160,4771,Bangalore,Business Development,156
251,16674,1755,Bangalore,Business Analyst,545
252,17445,2665,Vadodara,Senior DevOps Engineer,766
253,19669,7087,Bangalore,PPC Engineer,240
254,10453,8562,Work From Home,Subject Matter Expert - Computer Science,110
255,18998,9168,Bangalore,Sales Development Representative - I,890
256,14462,9168,Bangalore,Sales Development Representative - I,125
257,16678,9168,Bangalore,Sales Development Representative,890
258,15793,9168,Bangalore,Sales Development Representative,125
259,10337,1862,Bangalore,Principal Engineer,201
260,12291,8788,Mumbai,Business Development Manager,142
261,13452,6188,Pune,Sr. DevOps Engineer,448
262,15013,5388,Bangalore,SDE 1 Backend,991
263,14658,7350,Gurgaon,Quality Assurance Engineer,366
264,18316,6736,Bangalore,C++ Developer,262
265,15315,8931,Mumbai,TAP Developer,632
266,18790,8931,Bangalore,TAP Developer,647
267,18391,5504,Bangalore,SDE 2 - iOS,668
268,12375,3849,Delhi,Executive - Corporate Sales,752
269,18383,2704,Noida,Sales Executive,929
270,10856,4364,Gurgaon,Solution Developer,801
271,13782,7173,Ahmedabad,Senior .NET MVC Developer,795
272,10662,4460,Mumbai,Copywriter,739
273,12689,1374,Bangalore,ASM,876
274,12283,1625,"Bangalore, Hyderabad",Lead Data Analyst,714
275,19645,7350,Gurgaon,PHP / Laravel Developer,638
276,16331,4465,Bangalore,Senior Copywriter,318
277,13746,7518,Mumbai,Credit Risk Partnerships,413
278,12471,2086,Dehradun,Node.js Developer,499
279,11601,4227,Bangalore,Staff Software Engineer,675
280,12183,2254,Delhi,Ecommerce Manager,419
281,13824,7249,Bangalore,Dot .NET Developer,658
282,18732,3044,Pune,Principal SDET,370
283,14555,4240,Chennai,Technical Lead SS24,188
284,10908,3596,Ahmedabad,Android Developer,299
285,15576,1148,Hyderabad,Engineering Manager (Dot .NET),350
286,11750,1148,Hyderabad,Principal Engineer (Dot .NET),233
287,11011,1148,Hyderabad,Principal Engineer (Dot .NET),799
288,19969,1148,Hyderabad,Senior Dot .NET Full Stack Developer,233
289,17273,1148,Hyderabad,Senior Dot .NET Full Stack Developer,799
290,19204,4765,Bangalore,Immigration Counsellor,107
291,11321,4227,Bangalore,Staff Software Engineer,793
292,18023,5583,Work From Home,Blockchain Developer,439
293,12339,8007,Bangalore,Data Engineer,745
294,15437,1235,Bangalore,Frontend Developer (Internship),988
295,13298,1111,Bangalore,QA Engineer - Automation,534
296,19381,3304,Bangalore,Non IT Recruiter,514
297,14465,3304,Bangalore,Public Relations,375
298,12789,3304,Bangalore,Social Media Manager,714
299,19855,6888,Hyderabad,BPO Pricing Analyst,664
300,16726,7060,Hyderabad,React.js Developer,488
301,14189,2488,Mumbai,Sales Manager - Real Estate,311
302,11548,9416,Bangalore,Software Developer / Project Leader,974
303,16048,1192,Bangalore,PE QA,529
304,15724,6507,Bangalore,Motion Graphic Designer,102
305,16843,6213,Hyderabad,Digital Marketing,111
306,13416,4060,Noida,Associate Java Full Stack Developer,565
307,18674,4060,Bangalore,Quality Analyst,534
308,19472,1733,Bangalore,Data Platform,723
309,16115,4980,Pune,Java Full Stack Developer,440
310,17492,4980,Bangalore,Software Developer,568
311,19156,9747,Work From Home,SFDC Developer,847
312,17356,2524,"Delhi, Work From Home",Python Developer,389
313,15893,4302,Bhopal,Vaadin Developer,389
314,16604,8931,Mumbai,SAP Analytics Cloud Consultant,928
315,13526,8931,Bangalore,SAP Analytics Cloud Consultant,132
316,16841,9506,Chennai,Software Automation Engineer,768
317,18987,7270,Hyderabad,Power BI Architect,886
318,13162,1790,Pune,Collibra Developer,621
319,16670,4060,Bangalore,Full Stack Developer,757
320,19632,5385,Bangalore,Software Development Manager - UI,691
321,13649,6796,Bangalore,Video Engineer,885
322,13687,6091,"Bangalore, Chennai, Jaipur",Golang Developer,678
323,13804,6127,Allahabad,Digital Marketing Executive,260
324,15362,6706,Bangalore,Senior Manager,493
325,11613,1790,Pune,DevOps With Calypso,141
326,14583,2137,Bangalore,Content Writer,408
327,13117,1144,Bangalore,GCP COE Lead,311
328,18885,5135,Bangalore,DevOps Engineer,595
329,11226,1094,Bangalore,Senior DATA Analyst,323
330,15495,1094,Chennai,Senior Data Engineer,873
331,16160,6542,Bangalore,Sr. Data Engineer,355
332,17883,6542,Bangalore,Sr. Data Engineer,445
333,12486,2427,Bangalore,Informatica IDQ Developer,625
334,17588,8844,Bangalore,Project Manger,537
335,13668,8201,Bangalore,Java Developer,269
336,17561,1192,Bangalore,Principal Engineer,385
337,15615,2698,Bangalore,Software Engineer - Python,429
338,10895,5947,Bangalore,Software Development Engineer I - Backend,307
339,11773,1144,Bangalore,Snowflake COE Lead,809
340,17020,7551,Bangalore,Admin Assistant,181
341,11385,3759,Pune,Software Developer,704
342,18659,9827,Gurgaon,Specialist - Partner Experience,215
343,10005,6817,Bangalore,Database Engineer,983
344,11770,6817,Bangalore,Senior Database Engineering Manager,885
345,12733,1575,Bangalore,Payroll Manager,381
346,16528,3377,Work From Home,Senior Software Engineer,580
347,15842,9802,Mumbai,Sales Associate,377
348,18474,9913,Mumbai,Mobile Application Testing,868
349,13481,7328,Gurgaon,ERP Manager,281
350,11736,1662,Hyderabad,Senior Graphic Designer,612
351,16883,9535,Bangalore,Staff / Sr. Staff Engineer,551
352,10236,4700,Bangalore,Cloud DevOps,748
353,12818,6091,Hyderabad,Data Engineer - Python,187
354,13053,5831,Pune,Fullstack Engineer,975
355,16070,1477,Pune,Teamcenter Installer,229
356,11947,6082,Hyderabad,Software Architect,715
357,17328,2981,Noida,Learning & Development Manager,519
358,17344,2745,Bangalore,Software Engineer,882
359,11460,6818,Bangalore,Customer Success Manager,747
360,11138,9800,Bangalore,Project Associate,426
361,13900,9800,Bangalore,Sales and Marketing Associate,240
362,13846,8159,Bangalore,Android Developer,227
363,19989,8497,Work From Home,Business Analyst,819
364,11807,8652,Bangalore,Video Editor - Kannada,761
365,15915,9279,Hyderabad,.NET Developer,737
366,19390,8198,Bangalore,Motion Graphic Lead,371
367,13643,6920,Gurgaon,Sales and Support,602
368,12060,3267,Mumbai,Product Engineering Lead,114
369,10115,3478,Work From Home,Account Executive,722
370,11136,1389,Work From Home,Software Engineer,515
371,12388,4899,Bangalore,SDET,382
372,11336,4309,Bangalore,Technical Lead,660
373,14254,3844,Bangalore,Architect Interior Designer,947
374,15726,3844,Bangalore,Architect Interior Designer,842
375,13199,3844,Bangalore,Interior Designer,947
376,10329,3844,Bangalore,Interior Designer,842
377,16375,9827,Mumbai,Creative Lead,916
378,16244,1553,Noida,Sr. Advanced Software Engineer,671
379,12900,3456,Work From Home,Software Development Engineer - 3,351
380,16485,6198,"Bangalore, Hyderabad, Work From Home",Software Engineer - .NET Backend,433
381,10943,1080,Hyderabad,Data Engineer,480
382,10288,4424,Bangalore,Engineering Director,751
383,17563,5500,Bangalore,Software Development Engineer - Backend,291
384,12500,5500,Bangalore,Software Engineer,797
385,16270,8936,Noida,Field Sales Executive,998
386,19137,9634,Bangalore,AWS Python Developer,577
387,14618,1682,Pune,Sahrepoint Powerapps Developer,649
388,15638,2819,Mumbai,Product Manager - Pharma,824
389,18743,2745,Bangalore,Software Engineer,315
390,15638,2924,Hyderabad,Wordpress Developer,710
391,11128,1192,Bangalore,Principle Engineer - Backend,448
392,11346,8025,Bangalore,Product Marketing Manager,803
393,15353,7233,Bangalore,Data Platform Engineer,884
394,15281,5246,Bangalore,Software Engineer - Backend Developer,667
395,17079,9877,Bangalore,Solution Architect,653
396,15188,7172,Bangalore,Senior Software Development Engineer - Data,679
397,19012,5455,Bangalore,Java Developer,537
398,10196,8931,Bangalore,SAP Treasury Consultant,714
399,15333,8931,Mumbai,SAP Treasury Consultant,312
400,18885,4104,Hyderabad,AI Developer,343
401,14832,1192,Bangalore,Principal Engineer - QA,946
402,12355,9396,Noida,PHP Developer,982
403,13356,1144,Bangalore,Databricks COE Lead,370
404,16965,1144,Bangalore,Presales Solution Architect,243
405,17986,5569,Bangalore,Sales Executive,597
406,12392,5033,Bangalore,AWS DevOps Engineer,114
407,19137,4331,Pune,HR Manager,622
408,19762,4293,Gurgaon,Brand Acquisition Manager,723
409,13320,9050,"Bangalore, Pune",Staff ML Engineer,240
410,18364,9337,Bangalore,Customer Process Support - L1,756
411,12194,1192,Bangalore,PE,755
412,19517,1192,Bangalore,Principal Engineer - Node.js,801
413,13575,9861,Gurgaon,Assistant Brand Manager,795
414,19352,9038,Hyderabad,React.js Developer,578
415,14173,9254,Gurgaon,Senior Product Analyst,516
416,19860,8936,Noida,Sales Manager,865
417,11055,8936,Noida,Sales Manager,466
418,19935,9154,Bangalore,Team Leader,865
419,17596,9154,Bangalore,Team Leader,466
420,10557,6530,Bangalore,Product Manager - Technical,605
421,14589,6530,Bangalore,Quality Assurance Manager,473
422,10399,8323,Patna,Senior Resident,309
423,13898,8546,Hyderabad,Lead Sales Manager,570
424,14292,9337,Bangalore,Executive Assistant,871
425,16546,4010,Chennai,Head Accounts Consolidation & Statutory,794
426,15090,2505,Kanpur,FIELD Sales Executive,885
427,10631,9320,"Delhi, Gurgaon",Business Development Manager - Staffing,812
428,11810,3351,Bangalore,Associate Vice President - Java + GCP,870
429,11887,7759,Delhi,Graphic Designer,403
430,16877,3524,Delhi,Software Engineer,563
431,16275,2507,Chennai,Cloudops Engineer,322
432,15035,2507,Chennai,Senior Software Test Engineer - Manual + Automation,607
433,10031,8407,Hyderabad,Area Sales Manager,158
434,16678,8407,Chennai,Inside Sales Manager,224
435,16607,1856,Bangalore,Digital Marketing Lead,771
436,16143,4260,Udaipur,Digital Marketing,395
437,16371,6014,Bangalore,Member of Technical Staff - 3 / 4 / 5,916
438,14671,4680,Work From Home,webMethods Developer,130
439,14289,8007,Bangalore,Data Scientist,292
440,19444,1374,Hyderabad,Lead Software Engineer - Platforms,206
441,11376,1144,Delhi,Business Development Executive,235
442,16863,7618,Bangalore,Product Manager,424
443,10561,7618,Bangalore,Technical Project Manager,154
444,15370,6021,Noida,SDE3 - Frontend Developer,272
445,10575,7258,Jaipur,Performance Marketing Executive,340
446,18860,9742,Delhi,Software Developer,680
447,15545,4899,Bangalore,Java Developer (SDE3),671
448,13380,1679,Bangalore,Senior Operations Manager,997
449,14908,1679,Bangalore,Sr. HR Manager,845
450,14821,5192,Gurgaon,Inside Sales Executive,837
451,12752,5192,Gurgaon,Inside Sales Executive,382
452,13831,9416,Hyderabad,Software Engineer,524
453,17459,8931,Delhi,SRM Functional Consultant,570
454,17808,3830,Mumbai,Sr. Product Manager,696
455,11531,3830,Mumbai,Sr. Product Manager,163
456,11174,9742,Delhi,UI Developer,422
457,11616,7538,Bangalore,Data Scientist Manager,610
458,16092,1679,Bangalore,Procurement Head,227
459,15423,3272,Chandigarh,Senior Backend Engineer,365
460,19047,3272,Chandigarh,Senior Backend Engineer,642
461,15002,3272,Chandigarh,Senior Backend Engineer,938
462,17079,3272,Chandigarh,Senior Backend Engineer,698
463,18416,3272,Noida,Senior Software Engineer,365
464,14599,3272,Noida,Senior Software Engineer,642
465,12870,3272,Noida,Senior Software Engineer,938
466,19178,3272,Noida,Senior Software Engineer,698
467,10007,3272,Pune,Senior Backend Engineer,365
468,12516,3272,Pune,Senior Backend Engineer,642
469,16308,3272,Pune,Senior Backend Engineer,938
470,13136,3272,Pune,Senior Backend Engineer,698
471,15849,3272,Ahmedabad,Senior Backend Engineer,365
472,11681,3272,Ahmedabad,Senior Backend Engineer,642
473,13037,3272,Ahmedabad,Senior Backend Engineer,938
474,18866,3272,Ahmedabad,Senior Backend Engineer,698
475,16932,3272,Kolkata,Senior Backend Engineer,665
476,17445,3272,Kolkata,Senior Backend Engineer,516
477,17619,3272,Anand,Senior Backend Engineer,665
478,11910,3272,Anand,Senior Backend Engineer,516
479,16900,1611,Navi Mumbai,SAP Analytics Consultant,592
480,17542,5253,Bangalore,Senior Software Engineer,981
481,15138,2706,"Bangalore, Work From Home",Full Stack Engineer (Back End Focus),928
482,15177,2656,Bangalore,Principal Engineer,163
483,10669,1726,Work From Home,Senior Fullstack Developer,445
484,11229,3759,Bangalore,Node.js Developer - Lead,805
485,13457,8361,Ahmedabad,Marketing Lead,478
486,16069,8361,Ahmedabad,Sales Lead,383
487,17844,9168,Bangalore,Field Sales Executive,224
488,11195,9405,Mumbai,Manual Tester,463
489,15904,3456,Bangalore,Senior Product Manager,850
490,10919,9949,"Bangalore, Hyderabad",Data Analyst,436
491,18691,8609,Bangalore,SDET,596
492,19809,7727,Bangalore,Cloudops Engineer,793
493,16158,9452,Bangalore,Lead Software Engineer - Backend,775
494,19970,2544,Gurgaon,DevOps Engineer,876
495,12779,6091,Chennai,React Developer,689
496,14708,2819,Mumbai,Product Manager,235
497,15325,8639,Bangalore,Enterprise Sales Manager,641
498,10727,1755,Bangalore,Senior Data Analyst,584
499,14258,5014,Hyderabad,Senior Data Engineer,972
500,13088,2821,"Gurgaon, Hyderabad",WCS Developer,889
501,12872,4230,Bangalore,Platform Specialist - Database,754
502,14047,4230,Bangalore,Platform Specialist - Windows and Virtualization,836
503,19936,4230,Bangalore,Software Developer (C++),459
504,12541,3759,Gurgaon,Lead Engineer,857
505,16257,4606,Pune,GCP Data Engineer,972
506,14864,9792,Gurgaon,Senior SDE,351
507,12212,9928,Chandigarh,Presales Consultant,927
508,12693,8844,Bangalore,Lead Data Analyst,140
509,18325,8844,Bangalore,Senior System Administrator,658
510,10495,8931,Bangalore,Apigee Admin,445
511,10258,1192,Bangalore,SRE 3,943
512,16705,1065,Bangalore,Assistant Manager PR&Marketing,202
513,10822,4230,Bangalore,Python Developer - SRE,165
514,13652,4230,Bangalore,Site Reliability Engineer,317
515,12879,9447,Pune,DOT .NET Developer,536
516,17216,2048,Delhi,Lead NestJS Developer,645
517,17653,2048,Delhi,NestJS Developer,824
518,19987,3183,Work From Home,Node.js Developer,179
519,11589,1957,Work From Home,Data Engineer,625
520,18162,4374,Bangalore,Software Development Engineer 2 - Backend,865
521,11967,6736,Chennai,Lead Animator,885
522,17199,4288,Gurgaon,QA Engineer,820
523,11376,6210,Delhi,NestJS Developer (Node.js),437
524,11184,3799,Bangalore,Business Development - Team Leader,384
525,10212,3799,Bangalore,Business Development Trainee (Internship),476
526,10208,7631,Gurgaon,Data Scientist,327
527,19866,3523,Work From Home,Accountant,894
528,15347,1192,Bangalore,Principal Engineer QA,669
529,14422,5969,Gurgaon,Immigration Sales Consultant,221
530,13216,4060,Noida,Full Stack Developer,560
531,11507,2917,Bangalore,Video Editor - Intern (Internship),476
532,12050,4143,Bangalore,Technical Lead,903
533,17884,1329,Hyderabad,Angular Developer,667
534,16979,1329,Hyderabad,Angular Full Stack Developer,598
535,13062,3850,Greater Noida,Salesforce Consultant,424
536,16984,8639,Bangalore,Enterprise Sales Manager - Expense Management,271
537,13559,3076,Bangalore,Category Manager,561
538,19028,3134,Hyderabad,Technical Lead - Java,810
539,11015,5504,Bangalore,Software Development Engineer 2,441
540,19819,7795,Hyderabad,C++ Developer,705
541,17922,4979,Mumbai,DevOps Engineer,358
542,11188,5061,Hyderabad,Network Security Engineer - AWS,590
543,15661,6049,Work From Home,Data Analyst,945
544,14069,9289,Bangalore,MLOps Engineer,272
545,11897,3272,Pune,Node.js Developer,666
546,13333,3272,Pune,Node.js Developer,128
547,15643,3272,Ahmedabad,Node.js Developer,666
548,17695,3272,Ahmedabad,Node.js Developer,128
549,15635,2461,Bangalore,Senior Software Engineer - Fullstack (Java+Angular),431
550,16547,7748,Work From Home,Switch Support Manager,216
551,15730,2745,Bangalore,Full Stack Developer,676
552,19316,1993,Bangalore,Sr. Backend Engineer,323
553,16918,9387,Gurgaon,Data Scientist,704
554,13505,1733,"Bangalore, Mumbai, Noida",General Manager - Banking,992
555,15433,8320,Work From Home,Senior Backend Engineer,296
556,11508,3456,Bangalore,Engineering Manager,310
557,18705,6198,Hyderabad,"Senior Software Engineer (.NET Fullstack, Angular)",917
558,12652,4506,Hyderabad,React Developer,688
559,18980,8567,Bangalore,Senior Business Process Analyst,278
560,11341,4214,Pune,Java Tech Lead,556
561,11863,7222,Mumbai,Golang Developer,840
562,19719,9154,Bangalore,Sales Executive,447
563,10169,5393,Ahmedabad,Copywriter,554
564,12398,8787,Noida,Pre - Sales Executive / Lead Generation Executive,988
565,13191,8188,Bangalore,Associate Director - Product Led Growth,629
566,17834,8188,Bangalore,PMO - Senior Manager,549
567,12030,8198,Bangalore,Quality Control Specialist,998
568,11659,9627,Gurgaon,Software Development Engineer,934
569,10084,1352,Delhi,HR Generalist,520
570,10582,9889,Bangalore,SDET 3,838
571,18158,2457,Bangalore,Strategy & Ops Associate,790
572,10178,8268,"Bangalore, Hyderabad, Pune",Principal Data Scientist,145
573,10661,5553,Navi Mumbai,Data Engineer,670
574,16866,5807,"Bangalore, Hyderabad",Azure Cloudops Manager,735
575,12343,4606,Pune,GCP Data Architect,701
576,11532,9807,Kochi,Web Developer,746
577,12477,7203,Gurgaon,Business Development Executive,959
578,12445,8808,Trivandrum,Engineering Manager,418
579,11576,7066,"Coimbatore, Work From Home",Software Enginner,504
580,19681,7727,Bangalore,Senior / Lead Data Engineer,968
581,11770,6507,Bangalore,Frontend Engineer,452
582,13153,3063,Chennai,Product Sales Specialist,679
583,19329,3325,Bangalore,3D Visualizer,650
584,17738,4205,Gurgaon,Senior Supply Chain Analyst - Automobile,144
585,10307,8007,Bangalore,SDE 2 - Python Developer,561
586,15367,1553,Noida,Dot .NET Developer,174
587,14981,8897,"Bangalore, Chennai, Hyderabad",HR & Admin Executive,825
588,17012,9495,Bangalore,Software Technical Lead,327
589,19210,4647,Work From Home,Program Manager,979
590,16636,1361,"Bangalore, Chennai",Head - Builder and Channel Sales,761
591,17999,4182,Bangalore,Regional Sales Manager,234
592,15893,1192,Bangalore,DevOps Engineer,565
593,12411,1192,Bangalore,SRE 3,137
594,17615,7138,Work From Home,Data Analyst,147
595,15457,9254,Gurgaon,Talent Acquisition Specialist,557
596,19783,5033,Bangalore,Sr. Backend Engineer - Java,691
597,18417,1111,Bangalore,Senior React.js Developer,921
598,19911,9875,Mumbai,Sr. Java Developer,528
599,12551,1192,Bangalore,DevOps Engineer,919
600,19421,1192,Bangalore,DevOps Engineer,453
601,19160,8936,Bangalore,Principal Architect,629
602,17792,8936,Bangalore,Principal Architect,250
603,14236,4060,Bangalore,QA,624
604,14357,4060,Bangalore,QA,569
605,13265,4060,Noida,QA,624
606,15461,4060,Noida,QA,569
607,14442,3272,Ahmedabad,Senior Flutter Developer,380
608,18852,3272,Ahmedabad,Technical Architect,214
609,18748,7546,Hyderabad,Senior Data Scientist,529
610,18209,1575,Bangalore,Cloud Production Engineer,126
611,19308,7601,Work From Home,Trading Bot Developer,234
612,14375,5012,Bangalore,Tech Lead,765
613,12869,9742,Delhi,UI / UX Developer,700
614,10091,1144,Bangalore,Databricks COE Lead,500
615,19008,1144,Bangalore,GCP COE Lead,697
616,12945,2186,Coimbatore,Web Developer - Marketing,323
617,14358,2234,Bangalore,Business Development Executive,106
618,19663,2234,Bangalore,Business Development Manager,832
619,16240,1192,Bangalore,DevOps Engineer,242
620,16603,1192,Bangalore,Site Reliability Engineer,325
621,10434,9349,Bangalore,Lead Machine Learning Engineer,647
622,12101,4060,Bangalore,Associate Fullstack Developer - Java,257
623,15905,9742,Delhi,UI Developer,186
624,16854,3759,Hyderabad,Devop Architect,127
625,17423,6049,Work From Home,QA Specialist,257
626,19295,6049,Work From Home,QA Specialist,593
627,11477,1271,Hyderabad,L2 Engineer,992
628,15640,4228,"Bangalore, Mumbai",Relationship Manager,226
629,11637,2186,Coimbatore,Customer Success Manager,319
630,15046,2186,Coimbatore,Customer Support (Technical) Manager,232
631,18482,5480,Bangalore,Content Writer,144
632,17460,5480,Bangalore,Graphic Designer,629
633,15937,3881,Gurgaon,Staff Engineer,144
634,18894,6910,Work From Home,Product Designer,653
635,16064,9951,Bangalore,Business IT Solution,943
636,17310,2346,Mumbai,Data Engineer,709
637,18650,1744,Pune,Search Engine Optimisation Executive,441
638,19450,8931,Bangalore,ORMB (Oracle Revenue and Billing Management),306
639,19124,8259,Bangalore,Software Engineer - Platform Engineering,730
640,14781,2888,Mumbai,Assistant Manager,892
641,12266,1192,Bangalore,DevOps Engineer,252
642,16984,1192,Bangalore,Site Reliability Engineer,342
643,17888,9742,Delhi,UI Designer,671
644,16084,5135,Bangalore,Finance Head - Virtual Digital Asset,920
645,17120,4342,"Bangalore, Chennai, Hyderabad",Sr. React Developer,316
646,13457,8931,Bangalore,SAP OTC Vistex,421
647,14235,3180,Bangalore,Sr. Principle / Principle Data Scientist,321
648,19622,1192,Bangalore,DevOps Engineer,498
649,12928,1192,Bangalore,DevOps Engineer,481
650,15082,1192,Bangalore,SRE,739
651,10507,2544,Gurgaon,Golang Developer,236
652,18896,8175,Ahmedabad,Sr. Laravel Developer,969
653,10095,8270,Bangalore,Release Engineer,388
654,13077,3769,Bangalore,Staff Engineer / SMTS - C / C++,667
655,15799,9254,Gurgaon,Business Analyst,964
656,15775,9254,Gurgaon,Program Manager,221
657,10213,8110,Mumbai,Tech Lead (Fullstack),129
658,16319,9802,Bangalore,Backend Engineer,446
659,17248,3850,"Greater Noida, Noida",Sr. Java Developer,786
660,10004,8840,Work From Home,Sr. Software Engineer - Backend,959
661,11131,2698,Bangalore,Team Leader,890
662,11651,6908,Delhi,Business Development Executive,826
663,18816,5316,Mumbai,Software Engineer (PHP / Laravel),894
664,15799,4983,Bangalore,Technical Customer Support,252
665,12820,3965,Work From Home,Cyber Governance Risk Compliance Analyst,172
666,10130,2865,Delhi,Frontend Engineering Manager - React.js,976
667,16046,7014,Noida,Social Media Manager,988
668,17369,6455,Kochi,DSML Mentor,821
669,10345,8014,Navi Mumbai,Engineering Manager - Backend,474
670,19282,9423,Bangalore,Senior Product Manager,105
671,11631,8215,Chennai,HR Recruiter,551
672,14862,2301,Gurgaon,Director of Engineering,281
673,14069,7170,Bangalore,SDE 1 - SDE 2,467
674,18477,4988,Mumbai,Graphics Designer,869
675,14407,8110,Mumbai,Product Development Engineer - Fullstack,363
676,13361,6091,Pune,Vue.js Developer,907
677,13624,6455,Cochin,Freelance Python Trainer,311
678,18690,2951,Hyderabad,MLOps Engineer,902
679,14180,3900,Bangalore,Wordpress Architect,959
680,17219,3900,Bangalore,Wordpress Architect,667
681,18221,9567,Bangalore,Site Reliability Engineer,187
682,13058,9423,Bangalore,Engineering Manager,486
683,11806,6908,Delhi,Interior Designer,858
684,10577,2519,Work From Home,Backend Developer,426
685,16469,3899,Bangalore,Sales Intern (Internship),239
686,14922,6455,Bangalore,DSML Mentor,709
687,14148,7399,Gurgaon,Sales Manger,770
688,18200,3891,Delhi,Talent Acquisition Specialist,643
689,14517,9802,Mumbai,Sr. Manager - Product Designer,747
690,13891,3733,Bangalore,PHP Developer,572
691,13562,8641,Mumbai,Deputy Manager - Financial Planning and Analysis,774
692,12511,3642,Gurgaon,Sales Executive,538
693,19531,6123,Work From Home,Junior Business Development Representative,285
694,15352,6049,Work From Home,Frontend Designer,547
695,18154,8833,Gurgaon,Full Stack Developer - PHP,300
696,13682,2979,Bangalore,Senior Marketing Manager,412
697,11742,3819,Chennai,Software Integration Developer,724
698,12845,2492,Hyderabad,Associate Technical Consultant,655
699,17759,2924,Hyderabad,Wordpress Developer,376
700,14752,7568,Work From Home,Tech Laed,402
701,19871,2505,Bangalore,Lead Business Analyst,537
702,17063,5618,Bangalore,Senior Software Engineer,239
703,12270,4143,Bangalore,Frontend Developer,573
704,19637,3208,Bangalore,UI & UX Designer,381
705,16969,8642,Pune,Engineering Manager,623
706,19072,8642,Pune,Engineering Manager - Cloudapps,270
707,14170,9474,Noida,Senior Software Engineer,863
708,17748,6786,Bangalore,Frontend Developer,244
709,18004,6127,Allahabad,BDE - Inside Sales,980
710,13684,3563,Bangalore,Senior Software Engineer,280
711,11053,6507,Bangalore,Moition Graphic Designer,108
712,19931,4143,Bangalore,Technical Lead - Backend,879
713,18969,9648,Mumbai,Axiom Developer,762
714,16548,9673,Noida,AR / VR Developer,100
715,18953,9673,Noida,Game Developer,939
716,18835,9827,Bangalore,Technical Implementation Specialist,838
717,18097,8642,Pune,Senior Staff Software Engineer,970
718,10594,8642,Pune,Senior Staff Software Engineer (M365),152
719,10757,5831,Pune,Software Development Engineer - 1,762
720,19826,7447,Gurgaon,UX Designer,178
721,19353,2475,Ernakulam,Senior Business Development Associate,267
722,12381,1875,Work From Home,Senior Fullstack Developer,571
723,11793,1144,Bangalore,Presales Solution Architect,225
724,17783,8849,Gurgaon,Customer Success Manager,661
725,17582,9673,Noida,NLP / Conversational AI Engineer,427
726,13755,6239,Bangalore,Angular With .NET - Full Stack Developer,423
727,14122,2490,Work From Home,Java Architect,892
728,17506,2199,Noida,Product Manager,649
729,10845,4215,Gurgaon,Oracle Financial Functional Consultant,811
730,12343,4215,Gurgaon,Oracle Financial Functional Consultant,237
731,19040,4215,Gurgaon,Oracle Financial Technical Specialist,811
732,14138,4215,Gurgaon,Oracle Financial Technical Specialist,237
733,11861,5851,Work From Home,Talent Acquisition - Intern (Internship),196
734,13737,6239,Bangalore,Full Stack Developer,283
735,17442,3931,Work From Home,B2B - Sales Executive,739
736,16626,8323,Kolkata,E - Learning Content Developer,963
737,14494,6239,Bangalore,.NET Developer,640
738,13380,9149,Chennai,ASP.NET Developer - Azure Lead,239
739,18838,8283,Bangalore,Office Administrator,193
740,17133,5939,Ludhiana,Sales Manager,894
741,15766,4794,Mumbai,Product Manager 2,375
742,10897,4794,Mumbai,Product Manager 2,648
743,16758,4794,Mumbai,Senior Product Manager,375
744,14528,4794,Mumbai,Senior Product Manager,648
745,16940,3759,Bangalore,Android Developer,577
746,16186,3759,Bangalore,Angular Developer,474
747,14521,3759,Bangalore,Drupal Developer,986
748,16964,3759,Bangalore,React / Node.js Developer,507
749,17940,3272,Kolkata,Senior Backend Engineer,216
750,19960,3819,Chennai,Software Developer,873
751,14365,8642,Pune,Staff & Sr. Staff Engineer,592
752,12315,1687,Bangalore,Product Manager,975
753,16729,5014,Hyderabad,DevOps / Site Reliability Engineer,706
754,12689,1472,Bangalore,Research Analyst,833
755,10523,2218,Bangalore,Senior Engineer (C++) (L4,716
756,10269,8270,Bangalore,Security Engineer - SSE 1,334
757,17569,4143,Bangalore,SMTS - Backend Developer,659
758,13599,4143,Bangalore,Technical Lead,318
759,10828,6796,Bangalore,Staff Software Engineer,577
760,11319,3384,Bangalore,Dotnet Developar,404
761,17315,9339,Chennai,Telecaller Executive,609
762,12913,1352,Mumbai,Scrum Master / Technical Program Manager,616
763,10910,5131,Bangalore,Android Developer,384
764,14531,4214,Pune,Lead Java Developer,414
765,13790,7808,Bangalore,Senior Fullstack Developer,212
766,14486,4143,Bangalore,SMTS,822
767,13145,4143,Bangalore,Technical Lead,697
768,13382,7303,Bangalore,Scrum Master,770
769,19647,6751,Bangalore,IoT Engineer,326
770,14736,6971,Bangalore,Fullstack EM,399
771,12073,2517,Mumbai,Business Development - VP Level,230
772,18637,4742,Delhi,Lead Legal - Gold Loans,591
773,11599,4497,Ahmedabad,Back Office Executive,263
774,12247,1962,Hyderabad,Senior DevOps Engineer,247
775,19680,9028,Mumbai,CTO,240
776,10762,4167,Bangalore,Machine Learning Engineer,925
777,16710,5246,Bangalore,Backend Developer,918
778,17217,4143,Bangalore,Senior Software Engineer - SMTS,304
779,18411,2346,Mumbai,QA Engineer,736
780,10849,4742,Mumbai,Zonal HR Head,469
781,12148,3454,Work From Home,Regional Sales Manager,417
782,15016,8201,Delhi,Database Architect,111
783,15615,2745,Bangalore,SQL Developer,223
784,19255,5253,Bangalore,SSE - Backend,526
785,12104,6715,Work From Home,React Developer,722
786,11215,6715,"Delhi, Gurgaon, Noida",Sales and Marketing Head,362
787,14353,6715,"Delhi, Gurgaon, Noida",Sales and Marketing Head,157
788,10830,6715,"Greater Noida, Gurgaon, Noida",Sales and Marketing Head,362
789,11201,6715,"Greater Noida, Gurgaon, Noida",Sales and Marketing Head,157
790,15638,8597,Bangalore,Lead Platform Engineer,631
791,12387,4203,Pune,ERP Developer,311
792,18962,5613,Gurgaon,Motion Graphic Designer,764
793,13685,7319,Bangalore,Sr. Frontend Developer,742
794,11261,1654,Chennai,Senior Software Engineer,631
795,14838,4771,Bangalore,Client Associate,392
796,12854,6794,Work From Home,Senior Backend Engineer,112
797,12871,8609,Bangalore,Senior Backend Developer,247
798,13433,3882,Pune,Chief Sale & Marketing Officer,889
799,16064,3882,Pune,Chief Sale & Marketing Officer,510
800,13896,3882,Pune,Executive Business Development Sales & Marketing,889
801,14313,3882,Pune,Executive Business Development Sales & Marketing,510
802,14077,4098,Work From Home,Site Reliability Engineer 3,281
803,12972,5845,Bangalore,Infrastructure Architect,825
804,19775,4227,Bangalore,DevOps Manager,444
805,11014,5155,Work From Home,Fullstack Developer,818
806,15268,1553,Noida,Dot .NET Developer,779
807,15521,6562,Chennai,Frontend Developer,467
808,14266,3943,Bangalore,Software Development Engineer 2,626
809,13689,9816,Bangalore,Engineering Manager,108
810,19975,7328,Mumbai,Taxation Manager,937
811,11581,3882,Pune,Manager Sales Marketing & Business Developer,821
812,19926,6458,Gurgaon,Graduate Expert Data Engineer,416
813,15250,6796,Bangalore,Staff Software Engineer,337
814,16094,3183,Gurgaon,Lead Developer - Java Spring,612
815,19550,3183,Bangalore,UI Developer,492
816,18110,1422,Panaji,Customer Service Associate,667
817,13279,4967,Bangalore,Engineering Manager,373
818,18912,8201,Noida,Fullstack Developer - Java,604
819,17507,1809,Bangalore,QA Engineer,724
820,16885,1361,Chennai,Business Analyst,694
821,11398,7742,Work From Home,Fullstack Engineer (2Nd Shift),286
822,10607,8270,Bangalore,Web Developer (Frontend),135
823,17977,8270,Bangalore,Web Developer (Frontend),709
824,16827,8270,Bangalore,Web Developer,135
825,11439,8270,Bangalore,Web Developer,709
826,13257,8238,Work From Home,ML Engineer,476
827,16448,7748,Bangalore,Switch Support Application,733
828,14260,4775,Work From Home,Perception System,407
829,19515,8012,Bangalore,Oracle ATG Developer,568
830,19522,8259,Bangalore,PHP Developer,575
831,17186,3216,Bangalore,Customer Service Executive,273
832,16942,5165,"Mumbai, Pune",Tableau Developer,119
833,14334,5165,"Bangalore, Mumbai, Pune",Teradata Developer,469
834,19963,1803,Bangalore,Senior Manager,104
835,15379,4782,Bangalore,Engineering Lead - Data Engineering,529
836,17963,4742,Mumbai,Zonal HR Lead,653
837,14506,5007,Hyderabad,Lead Automation Infra Engineer,760
838,17366,3944,Bangalore,Execution Trader,374
839,14456,3944,Bangalore,Trading Systems Engineer,780
840,10819,3384,Bangalore,DOT .NET Developer - Angular,212
841,12984,6786,Bangalore,SAPUI5 Consultant,582
842,19270,9304,Bangalore,Sales Development Representative (Saas Sales),641
843,12026,7900,Bangalore,Fusion HCM Technical / Techno - Functional,688
844,15020,4143,Bangalore,Technical Lead,744
845,16780,4143,Bangalore,Technical Lead / Senior Software Engineer / Sde3,576
846,14728,9458,Bangalore,C++ Developer - Linux / Windows,250
847,18018,6530,Bangalore,Quality Assurance Engineer,778
848,11392,4931,Mumbai,Head of Growth & Marketing,355
849,16137,5777,Bangalore,Senior Java Developer,888
850,12364,7328,Mumbai,Contracts and Billing Manager,501
851,11687,7989,Noida,Tech Lead - Full Stack - Java Specialist,584
852,11615,1197,Work From Home,Software Engineer,750
853,18563,3799,Bangalore,Inside Sales Manager,723
854,19776,3762,Bangalore,Success Manager,541
855,17954,9001,Hyderabad,Sr. React Developer,640
856,18830,3730,Work From Home,Solutions Engineer - Senior Solution Delivery Lead,769
857,17188,8642,Pune,Principal Engineer - DevOps,941
858,16262,8459,Noida,Angular Developer,844
859,11901,8609,Bangalore,SDET,830
860,16370,8609,Bangalore,Software Engineer,417
861,12990,9150,Bangalore,Software Engineer,939
862,10309,9150,Bangalore,Software Engineer,363
863,19329,8518,Gurgaon,Lease Accounting,195
864,19552,3762,Bangalore,Creative Email Copywriter,685
865,14163,6086,Mumbai,Quality Analyst,391
866,18614,5777,Bangalore,DevOps Engineer,100
867,14572,9363,Bangalore,Salesforce Marketing Cloud,462
868,11745,2656,Bangalore,Principal Product Strategist,898
869,19459,3216,Bangalore,Customer Support Service,470
870,13097,1662,Hyderabad,Quality Assurance Engineer,108
871,19755,1847,Work From Home,Principal Engineer,209
872,13245,1144,Bangalore,Data Science Manager,472
873,14128,2027,Bangalore,Financial Accounts Specialist,261
874,11382,7314,Bangalore,L4 / L3 - Back End Engineer - IC,686
875,12101,7971,Bangalore,Associate Customer Support Engineer,314
876,19341,5582,Gurgaon,Front End Developer,369
877,19832,2057,Bangalore,React Native Engineer,165
878,18647,4579,Bangalore,Junior C / C++ Developer,784
879,11371,2524,"Delhi, Work From Home",Enterprise Sales Manager,303
880,15490,3900,Bangalore,Senior Architect,538
881,19755,2745,Bangalore,Software Engineer,329
882,14449,8931,Bangalore,Oracle Projects Functional Consultant,971
883,13566,3469,Gurgaon,Global Sales Manager,959
884,17471,6344,Work From Home,Senior Software Engineer,939
885,14178,8936,Noida,Field Sales Executive,510
886,15006,4009,Bangalore,Finance Manager,356
887,11372,3864,Bangalore,Support Engineer,177
888,13014,4500,Pune,Technical Project Manager,465
889,14725,1144,Delhi,Business Development Executive,504
890,14377,9802,Mumbai,Tech Lead - Frontend Developer,655
891,13577,9568,Gurgaon,Social Media Strategist,879
892,16551,7808,Bangalore,Full Stack Developer,642
893,11538,6818,Bangalore,Marketing Manager,429
894,17676,5135,Bangalore,Engineering Lead - Blockchain,235
895,17630,1536,Gurgaon,Business Development Executive,506
896,13958,5419,Chennai,Digital Marketing & WEB Developer,103
897,12617,9932,Hyderabad,Data Engineer,930
898,17034,7866,Hyderabad,Azure Developer,592
899,12468,4391,"Bangalore, Gurgaon, Hyderabad",Senior Software Engineer,176
900,13176,3524,Work From Home,HR - Operations & Recruitment,298
901,12878,3456,"Bangalore, Work From Home",Account Manager,861
902,10763,2859,Bangalore,Sr. QA Automation Engineer,174
903,10707,7587,Bangalore,Senior Technical Writer,479
904,10856,9597,Gurgaon,Artificial Intelligent,166
905,10417,2519,Work From Home,SDET,491
906,16477,3792,Pune,Senior Embedded Engineer,805
907,14050,3029,Bangalore,SDE I - Android,692
908,11030,4071,Bangalore,Admission Counselor,469
909,10994,8259,Bangalore,QA Engineer,349
910,10823,8936,Bangalore,Principal Engineer (Maps / Data),629
911,15988,4468,Bangalore,Software Engineer,641
912,19304,6818,Bangalore,Content Operations Specialist,961
913,17412,1733,"Bangalore, Noida",Sr. Process Trainer,751
914,16350,6789,Navi Mumbai,Sales & Marketing Manager Intern (Internship),701
915,14851,2286,Work From Home,SDE2 / 3 - Android & Kotlin,146
916,17361,8394,Mohali,PHP + Wordpress Developer,236
917,11850,1422,Gurgaon,Senior Software Engineer,356
918,14268,1422,Gurgaon,Senior Software Engineer,585
919,18422,1422,Gurgaon,Technical Lead - Python,356
920,14949,1422,Gurgaon,Technical Lead - Python,585
921,19994,3730,Pune,Technical Project Manager,588
922,14988,5198,Bangalore,Principal Data Scientist,908
923,17657,3197,Noida,Engineering Manager,895
924,13936,4104,Bangalore,Java Developer,925
925,14708,9150,Bangalore,Java Developer,863
926,15741,4539,Kolkata,PHP Developer - OpenCart,451
927,13841,3759,Bangalore,Senior Staff Engineer,979
928,11808,3796,Bangalore,Senior Software Engineer,555
929,14812,5646,Hyderabad,Talent Acquisition,151
930,16564,7934,Bangalore,Angular Developer,425
931,18004,3052,Bangalore,Java Developer - Hybrid Mode,721
932,18490,5710,Bangalore,Senior Java Developer,730
933,14813,5992,Udaipur,Technical / Product Support Engineer,264
934,12752,7328,Bangalore,Technical Consultant,300
935,15917,6818,Bangalore,Senior Marketing Manager,660
936,16271,1699,Bangalore,QA Tester,374
937,13125,4699,Panaji,Backend Developer,677
938,12100,6796,Bangalore,Data Engineer,424
939,19492,6983,Bangalore,Business Development Representative,126
940,18410,5007,Hyderabad,Full Stack Engineer,841
941,18988,5007,Hyderabad,Lead Automation Infrastructure Engineer,219
942,19443,7934,Bangalore,Cypress QA Engineer,521
943,11373,7934,Bangalore,Salesforce Developer,602
944,12897,4775,Mumbai,Xamarin Application Developer,523
945,10694,1699,Bangalore,Golang Developer,931
946,16783,2160,Bangalore,Test Engineer,580
947,13349,4532,Bangalore,ADAS Software Engineer,252
948,16144,7934,Bangalore,Data Engineer,867
949,12926,8931,Kolkata,Oracle Fusion PPM Consultant,798
950,14550,8931,Kolkata,Oracle Fusion PPM Consultant,638
951,15940,8931,Chennai,Oracle Fusion PPM Consultant,798
952,11969,8931,Chennai,Oracle Fusion PPM Consultant,638
953,18454,8931,Kochi,Oracle Fusion PPM Consultant,245
954,11284,8931,Nagpur,Oracle Fusion PPM Consultant,660
955,11296,8931,Bhubaneshwar,Oracle Fusion PPM Consultant,879
956,18001,6715,Work From Home,React Developer,692
957,11019,4288,Gurgaon,Data Scientist,685
958,16131,4101,Bangalore,Performance Test Engineer,975
959,15898,8220,Bangalore,Franchise Development Manager,108
960,16911,7240,"Bangalore, Pune",Azure DevOps Engineer,115
961,11739,8879,Work From Home,Lead Software Engineer,974
962,19363,8804,Bangalore,Computer Vision and NLP Engineer,813
963,14368,8931,Bangalore,Ab Initio Metadata HUB,477
964,19514,8931,Bangalore,Ab Initio Metadata HUB,482
965,16694,8931,Pune,Ab Initio Metadata HUB,477
966,19702,8931,Pune,Ab Initio Metadata HUB,482
967,18332,8931,Chennai,Ab Initio Metadata HUB,962
968,15520,3593,Hyderabad,Asst Manager,774
969,17925,9028,Kolkata,Business Development Manager,777
970,19352,9028,Mumbai,Travel Operations,892
971,15741,5061,Hyderabad,AWS Network Engineer,447
972,12678,1000,"Delhi, Gurgaon, Noida",Channel Sales Executive,370
973,19485,8804,Bangalore,Data Engineer (AI / ML),540
974,17831,2199,Noida,Product Manager,996
975,10858,8931,Mumbai,Ab Initio Metadata HUB,331
976,13519,3593,Bangalore,Deputy. Manager HR,456
977,16461,9028,Mumbai,Business Development Manager,270
978,19330,9675,Work From Home,UI Engineer,248
979,15472,9717,Bangalore,Account Executive / Sales,923
980,11443,8774,Bangalore,Data Analyst - Intern (Internship),863
981,17863,7408,Bangalore,Sales Admin,135
982,16227,2951,Hyderabad,Lead Software Engineer,422
983,11917,9627,Delhi,Frontend Developer,888
984,11062,3346,Work From Home,SAP PP / QM Lead,447
985,12260,8931,Pune,Oracle Fusion PPM Consultant,534
986,13628,8931,Bangalore,Oracle Fusion PPM Consultant,639
987,16262,8931,Hyderabad,Oracle Fusion PPM Consultant,364
988,19540,3593,Mumbai,Corporate Booking Executive,459
989,16382,9624,Bangalore,Data Plane Engineer,852
990,10895,2402,Bangalore,Marketing Coordinator,975
991,11293,8947,Bangalore,Appian Developer,594
992,18759,3197,Noida,Engineering Manager,479
993,19888,1144,Delhi,Senior Business Development Associate,273
994,12819,8931,Mumbai,Oracle Fusion PPM Consultant,460
995,18224,3743,Bangalore,Backend Engineer,475
996,15972,8025,Bangalore,Content Writer,121
997,19278,7414,Bangalore,Data Engineer,658
998,13568,4794,Mumbai,Software Development Engineer - II / III (Frontend),718
999,16193,8497,Work From Home,Visualization Engineer,138
1000,15240,3272,Chandigarh,Senior Backend Engineer,133
1001,16814,6827,Gurgaon,Flutter Developer,366
1002,12997,8931,Chennai,Business Analyst - Capital Market - Loans,976
1003,16154,8931,Hyderabad,Specialist - Business Analyst - Capital Market,501
1004,18961,8931,Bangalore,Specialist - Business Analyst - Capital Market,351
1005,16530,9150,Bangalore,DevOps Engineer,879
1006,17634,9254,Bangalore,Senior Engineering Manager,682
1007,11773,5901,Bangalore,Full - Stack Engineer,481
1008,13221,7146,Chennai,Mobility Architect - Frontend,561
1009,10253,6216,Chennai,Software Engineer,604
1010,15211,3730,Pune,SDE - III - Java,204
1011,18518,6634,Bangalore,Generative AI Data Scientist,564
1012,13923,8931,Kolkata,Azure Data Engineer,909
1013,18660,8931,Kolkata,Azure Data Engineer,161
1014,16736,8931,Kolkata,Azure Data Engineer,609
1015,14253,8931,Kolkata,Azure Data Engineer,123
1016,12288,8931,Kolkata,Azure Data Engineer,544
1017,13491,8931,Kolkata,Azure Data Engineer,805
1018,12794,8931,Delhi,Azure Data Engineer,909
1019,15001,8931,Delhi,Azure Data Engineer,161
1020,12396,8931,Delhi,Azure Data Engineer,609
1021,10041,8931,Delhi,Azure Data Engineer,123
1022,17224,8931,Delhi,Azure Data Engineer,544
1023,13043,8931,Delhi,Azure Data Engineer,805
1024,11125,8931,Hyderabad,Azure Data Engineer,909
1025,11909,8931,Hyderabad,Azure Data Engineer,161
1026,14131,8931,Hyderabad,Azure Data Engineer,609
1027,17479,8931,Hyderabad,Azure Data Engineer,123
1028,18122,8931,Hyderabad,Azure Data Engineer,544
1029,15947,8931,Hyderabad,Azure Data Engineer,805
1030,13249,8931,Pune,Azure Data Engineer,909
1031,18879,8931,Pune,Azure Data Engineer,161
1032,14063,8931,Pune,Azure Data Engineer,609
1033,18428,8931,Pune,Azure Data Engineer,123
1034,15745,8931,Pune,Azure Data Engineer,544
1035,18607,8931,Pune,Azure Data Engineer,805
1036,10778,8931,Bangalore,Azure Data Engineer,909
1037,11885,8931,Bangalore,Azure Data Engineer,161
1038,14719,8931,Bangalore,Azure Data Engineer,609
1039,16806,8931,Bangalore,Azure Data Engineer,123
1040,16381,8931,Bangalore,Azure Data Engineer,544
1041,15413,8931,Bangalore,Azure Data Engineer,805
1042,19247,8931,Chennai,Azure Data Engineer,909
1043,18168,8931,Chennai,Azure Data Engineer,161
1044,11234,8931,Chennai,Azure Data Engineer,609
1045,16436,8931,Chennai,Azure Data Engineer,123
1046,10357,8931,Chennai,Azure Data Engineer,544
1047,14175,8931,Chennai,Azure Data Engineer,805
1048,11557,8931,Kochi,Azure Data Engineer,983
1049,14119,8931,Kochi,Azure Data Engineer,362
1050,12840,8931,Mumbai,Azure Data Engineer,983
1051,11051,8931,Mumbai,Azure Data Engineer,362
1052,12107,8931,Pune,Specialist - Business Analyst - Capital Market,274
1053,12254,8931,Mumbai,Specialist - Business Analyst - Capital Market,197
1054,14977,4465,Bangalore,Senior Copywriter,351
1055,13015,5333,Bangalore,Senior Ionic Engineer,976
1056,13157,5007,Hyderabad,QA Lead,118
1057,19035,8447,Bangalore,Big Data Engineer,282
1058,17272,8897,Bangalore,Retail Sales Executive,998
1059,18309,5777,Bangalore,Senior Java Developer,167
1060,18223,2186,Coimbatore,HR Manager,893
1061,16900,4166,Chandigarh,Field Sales Executive,272
1062,14507,4339,Bangalore,Python Developer,158
1063,16745,7564,Work From Home,Senior Frontend Engineer (React / Native),401
1064,14444,5901,Bangalore,Data Scientist - Fraud and Risk,425
1065,17073,5333,Bangalore,Engineering Manager - Java,631
1066,16567,5846,Gurgaon,Platinum Support Account Manager - Tech Support,376
1067,12678,9384,Delhi,Account Director - Client Servicing,799
1068,13197,7258,"Delhi, Jaipur",Senior Software Developer,129
1069,10011,3759,Bangalore,Full Stack& Java Developer / Lead,100
1070,15530,2974,Bangalore,CISO (Chief Information Security Officer),171
1071,17300,9462,Chennai,Automation QA Engineer,220
1072,18491,1017,Mumbai,Executive - Customer Service,616
1073,14501,4775,Mumbai,Xamarin Application Developer,979
1074,13519,4775,Mumbai,Xamarin Application Developer,398
1075,18227,8931,Pune,Azure Cloud Developer (ADF+ Azure Functions+ Pytho),644
1076,15721,8931,Mumbai,Azure Cloud Developer (ADF+ Azure Functions+ Pytho),343
1077,16340,9337,Bangalore,Data Scientist,895
1078,11759,7258,Jaipur,Senior Software Developer (RoR),366
1079,11253,7303,Bangalore,Technical Scrum Master,627
1080,15596,4606,Pune,Full Stack .NET Developer,522
1081,19048,3183,Work From Home,AWS Data Engineer / Architect,833
1082,19151,3183,Work From Home,Lead Data Engineer,193
1083,10294,6198,"Bangalore, Hyderabad",Technical Consultant / Sr. Technical Consultant,749
1084,14400,8931,Pune,Data Science Professional,230
1085,18725,8931,Bangalore,Data Science Professional,629
1086,13811,8931,Chennai,Data Science Professional,180
1087,15946,8931,Hyderabad,Data Science Professional,549
1088,14445,8931,Kolkata,Data Science Professional,730
1089,13845,8931,Kolkata,Data Science Professional,597
1090,15134,8931,Delhi,Data Science Professional,730
1091,15357,8931,Delhi,Data Science Professional,597
